Name,Age,Email
John Doe,28,johndoe@example.com
Jane Smith,34,janesmith@example.com
Alice Johnson,22,alicejohnson@example.com
Robert Brown,45,robertbrown@example.com
Emily Davis,31,emilydavis@example.com
Michael Wilson,29,michaelwilson@example.com
Sarah Moore,27,sarahmoore@example.com
William Taylor,33,williamtaylor@example.com
Jessica Anderson,26,jessicaanderson@example.com
David Thomas,38,davidthomas@example.com
Mary Jackson,36,maryjackson@example.com
James White,30,jameswhite@example.com
Linda Harris,28,lindaharris@example.com
Christopher Martin,35,christophermartin@example.com
Patricia Thompson,32,patriciathompson@example.com
Mark Garcia,40,markgarcia@example.com
Elizabeth Martinez,24,elizabethmartinez@example.com
Steven Robinson,27,stevenrobinson@example.com
Barbara Clark,39,barbaraclark@example.com
Paul Rodriguez,41,paulrodriguez@example.com
Jennifer Lewis,25,jenniferlewis@example.com
Daniel Walker,37,danielwalker@example.com
Jessica Hall,33,jessicahall@example.com
Anthony Allen,42,anthonyallen@example.com
Karen Young,31,karenyoung@example.com
Kevin King,29,kevinking@example.com
Nancy Wright,36,nancywright@example.com
Edward Scott,34,edwardscott@example.com
Margaret Green,38,margaretgreen@example.com
Joshua Adams,30,joshuaadams@example.com
Michelle Baker,28,michellebaker@example.com
Ryan Gonzalez,35,ryangonzalez@example.com
Kimberly Nelson,27,kimberlynelson@example.com
Jonathan Carter,32,jonathancarter@example.com
Amanda Mitchell,25,amandamitchell@example.com
Andrew Perez,40,andrewperez@example.com
Sandra Roberts,26,sandraroberts@example.com
Joseph Turner,33,josephturner@example.com
Angela Phillips,31,angelaphillips@example.com
Brian Campbell,37,briancampbell@example.com
Laura Parker,28,lauraparker@example.com
Timothy Evans,39,timothyevans@example.com
Sharon Edwards,30,sharonedwards@example.com
Joshua Collins,34,joshuacollins@example.com
Kelly Stewart,29,kellystewart@example.com
Amy Sanchez,32,amysanchez@example.com
Gary Morris,36,garymorris@example.com
Rebecca Rogers,31,rebeccarogers@example.com
Thomas Reed,35,thomasreed@example.com
Sandra Cook,27,sandracook@example.com
